yayimlanan_yol	kaynak	yerel_bayt	sha256_yerel	sha256_depo_LF	not
scripts/universe.py	C:/Users/berke/research/entry_v1/universe.py	6798	693ab1168477e9e679b944d64051e071c084e94c0b4a15c673861c518ab3b904	693ab1168477e9e679b944d64051e071c084e94c0b4a15c673861c518ab3b904	inceleme dalinda YOK
scripts/collect_binance.py	C:/Users/berke/research/entry_v1/collect_binance.py	10071	05d6f75fad34dbf49f5011d82f3115f348b9ea56654ed6fafa86bb124cde05c8	05d6f75fad34dbf49f5011d82f3115f348b9ea56654ed6fafa86bb124cde05c8	inceleme dalinda YOK
scripts/run_rule.py	C:/Users/berke/research/entry_v1/run_rule.py	9924	e432371d02437c0feb05b4830c1178ec305e66dd3d67953cf6088ff942113d24	0d3c88fab6c43c008a68f562bb31501baf1cddb6d58c7c7e80cc254457198e1b	inceleme dalindaki kopyadan FARKLI
scripts/strategy_rules.py	C:/Users/berke/research/entry_v1/strategy_rules.py	3489	8d5abacef76622defe74e0fc91c6c9d5302123156b8dfa9bac2d60975028dc5e	d100cf83c53ca7caaa0142cb7106279ead2e77ae3688206f41b395febeac2022	inceleme dalindaki kopyadan FARKLI
scripts/momentum_rules.py	C:/Users/berke/research/entry_v1/momentum_rules.py	3426	aebc890a98f5e7689a33b137554baf85d7bcd8aac29035c28fef81b8ae82321c	aebc890a98f5e7689a33b137554baf85d7bcd8aac29035c28fef81b8ae82321c	inceleme dalindaki kopyayla AYNI
scripts/analyze.py	C:/Users/berke/research/entry_v1/analyze.py	6171	af67f24ac56122f69cac30e18bac086abd477634446734e356eae556d9f23fe7	44bb882136867b5d5e823a56818002349fb04ab38f04535a3f3a83e9a86ccdf8	inceleme dalindaki kopyayla AYNI
scripts/box_sweep.py	C:/Users/berke/research/entry_v1/box_sweep.py	18953	81e2152147ffb4838f9302bb74f10a69147b1df1ca90130927de1d87e17e363d	63bc3eb9d7871e7696aebcb181b737d9385308332b1af2f5f48eb9045ca61f95	inceleme dalinda YOK
scripts/run_box_v15.py	C:/Users/berke/research/entry_v1/run_box_v15.py	4969	c2f6f872e3700e30aca08cee7636a85369ae7ad027683329044608501d2551f8	c2f6f872e3700e30aca08cee7636a85369ae7ad027683329044608501d2551f8	inceleme dalinda YOK
scripts/box_rules.py	C:/Users/berke/research/entry_v1/box_rules.py	1538	3f27820a788a92115bbea2aa20f614182450035ce60d66c62fca3fe7e392a3ef	3f27820a788a92115bbea2aa20f614182450035ce60d66c62fca3fe7e392a3ef	inceleme dalinda YOK
scripts/entry_rules.py	C:/Users/berke/research/entry_v1/entry_rules.py	7633	d9858a0fb0635022c89cc44f28a11b626fc6c48ba2afb4bf810b77a44535d40c	d9858a0fb0635022c89cc44f28a11b626fc6c48ba2afb4bf810b77a44535d40c	inceleme dalindaki kopyayla AYNI
scripts/candle_rules.py	C:/Users/berke/research/entry_v1/candle_rules.py	1573	8531be3616060cde21d672e09df5a7125e9dd7452b1de794c392295a432ea804	8531be3616060cde21d672e09df5a7125e9dd7452b1de794c392295a432ea804	inceleme dalindaki kopyayla AYNI
scripts/chart_rules.py	C:/Users/berke/research/entry_v1/chart_rules.py	1345	0ba58790af7c808480c6c37642fdb44951cc9c18455c68f886230c6f906527ec	0ba58790af7c808480c6c37642fdb44951cc9c18455c68f886230c6f906527ec	inceleme dalindaki kopyayla AYNI
scripts/regime_rules.py	C:/Users/berke/research/entry_v1/regime_rules.py	1676	6aa4d7319f114bc39d9a33d67f180cdceb9f3e21544bd8f9d8b7d0554402c139	6aa4d7319f114bc39d9a33d67f180cdceb9f3e21544bd8f9d8b7d0554402c139	inceleme dalindaki kopyayla AYNI
scripts/session_rules.py	C:/Users/berke/research/entry_v1/session_rules.py	1077	4226cfb9d6d464bf6111410cef76af9fec6e7fcf99f23f7e7e32335197c22e3b	4226cfb9d6d464bf6111410cef76af9fec6e7fcf99f23f7e7e32335197c22e3b	inceleme dalindaki kopyayla AYNI
scripts/session_gate.py	C:/Users/berke/research/entry_v1/session_gate.py	2124	acdd5b1076666bd8ebee4877a54abe042ec72d47a4f12c6b772e447abef3a946	acdd5b1076666bd8ebee4877a54abe042ec72d47a4f12c6b772e447abef3a946	inceleme dalindaki kopyayla AYNI
scripts/probe_box_cost.py	C:/Users/berke/research/entry_v1/probe_box_cost.py	3321	2e50b042a5a2e81febae0fd15670233c497730eec97832b606f6bc8bfdb9bf50	2e50b042a5a2e81febae0fd15670233c497730eec97832b606f6bc8bfdb9bf50	inceleme dalinda YOK
olcumler/grid.py	C:/Users/berke/trading2-deploy/olcumler/grid.py	5468	a114f386ef0b3ceadd8b683216798dd49c8fda6cfe62725d1c5f99519e78af20	a114f386ef0b3ceadd8b683216798dd49c8fda6cfe62725d1c5f99519e78af20	
olcumler/lev.py	C:/Users/berke/trading2-deploy/olcumler/lev.py	6095	4221ac893c7ae4c6331c945adc8c6fa69cf2433f76c0410cc46873a6a201b8ce	4221ac893c7ae4c6331c945adc8c6fa69cf2433f76c0410cc46873a6a201b8ce	
olcumler/rank40.py	C:/Users/berke/trading2-deploy/olcumler/rank40.py	5639	d3cbbdcaf1f191c48679ced595b3eef1c883f4abe8b6eb8650bdbef513094d20	d3cbbdcaf1f191c48679ced595b3eef1c883f4abe8b6eb8650bdbef513094d20	
olcumler/run40.py	C:/Users/berke/trading2-deploy/olcumler/run40.py	6071	69d4adefa4db71f73a7c046c11fe44888bf5532d7fe8bf4779b5bc94c82dc05d	5443c2715cbbbc2e01a7d28361d96972e77664c11540811a488990ca363a0c08	
olcumler/slots.py	C:/Users/berke/trading2-deploy/olcumler/slots.py	6368	f060617c5942d8252df642484d88de93090967441b7e0be9aa6208c243b1fee6	f060617c5942d8252df642484d88de93090967441b7e0be9aa6208c243b1fee6	
olcumler/trail.py	C:/Users/berke/trading2-deploy/olcumler/trail.py	4940	518a9741f0d341c96830addd4c47d955b967d22610406755935628626cb8b2de	518a9741f0d341c96830addd4c47d955b967d22610406755935628626cb8b2de	CANLI SURECIN YAZDIGI DOSYANIN ANLIK KOPYASI (bkz. README)
olcumler/be_measure.json	C:/Users/berke/trading2-deploy/olcumler/be_measure.json	5612	9ae8e0dfdb4bb2b624468ac6a7111708e8c59fc4fa8d71b497d0094d09b47309	fc238b4d4ee10c3417507ef4605f56410cbc1ad8617ddc4aebc103b251f57793	
olcumler/grid.json	C:/Users/berke/trading2-deploy/olcumler/grid.json	4344	5342ad2ca0ed9f5434fc4c35fe57bcd6d60ac6db5425d1299dec3d56a310c697	73958546777c60d996007e2c150596a15f72cffafc457f80479c206756b84881	
olcumler/lev.json	C:/Users/berke/trading2-deploy/olcumler/lev.json	15390	f4abff738318f88bc70f9bc2946019f7e539d8842ebe460475f3abca3246825f	5296bd120f850239ba37d9c5610ac4baf9acaf48706902bc10ad8a86d660e8b7	
olcumler/rank40.json	C:/Users/berke/trading2-deploy/olcumler/rank40.json	4416	594401b8776597d849ac2b295471e1d39d1edbb01f6dde0030a7c102625058af	2de3b29e739b0acb2e8e7c6fa4014087e2277f13580855f2da94d7a8b73d6488	
olcumler/run40.json	C:/Users/berke/trading2-deploy/olcumler/run40.json	7027	eb11004bb097aa25880e294007146d2ede9abc610e3f9ee281d66cf528231240	52a015486b71393a56c2f35c7d2aa30dc334ebdafd82dd911c243c45780095aa	
olcumler/slots.json	C:/Users/berke/trading2-deploy/olcumler/slots.json	9966	76a1c3e3fd4904c32f5801eeb3cd43aee7747aec2f5156572ee0be69efe2e3e5	d9a3400db23d3b58af38db42f5034f426099feacf54ec9b7beab8445cdc0ef67	
olcumler/trail.json	C:/Users/berke/trading2-deploy/olcumler/trail.json	15880	3eff8d7378280aa3ae64df44ba27cf35c5228508607cc05476c4b587e78d624c	ae74ae78c00dec22ad7c9f8bde2f1260636dbf70feccb1b7fd04de8f038f87f2	CANLI SURECIN YAZDIGI DOSYANIN ANLIK KOPYASI (bkz. README)
olcumler/trail.log	C:/Users/berke/trading2-deploy/olcumler/trail.log	378	57681b009ab54d8e4b2246f5e81bd6a37ceae48746b6339d70b09c77653c317f	f1ef3f8a750279d95173f0a444ec7bcf32d39fe3a45130ccf8a579da881bfad4	CANLI SURECIN YAZDIGI DOSYANIN ANLIK KOPYASI (bkz. README)
olcumler/meta/meta_be_m2_p1_off.json	C:/Users/berke/research/entry_v1/out/meta_be_m2_p1_off.json	2431	6fefa264f5bcbd1578e670d68a8dd5f096bacacd21f21f13f8933207236b0980	bd54e08938b902f668efebffe5507285a1be265c5128089f113d06ab001f75f0	
olcumler/meta/meta_be_m2_p1_on.json	C:/Users/berke/research/entry_v1/out/meta_be_m2_p1_on.json	2439	cc9b00283be67060b9bc64c4d3a7685e93d901bbc01e0bc93fe10eee48ee20c1	976d429809c89911742109a752e6e90e068ad92a24a7520d9930d535e97e3dfc	
olcumler/meta/meta_be_m2_p2_off.json	C:/Users/berke/research/entry_v1/out/meta_be_m2_p2_off.json	2335	a2a81b8efb5a9a2544d9c1a4039121406e9a6b82029df57ea32f82dfd496b3a6	aba6d75e18ca7e28937b7659f33c6b474708cf2f5374b5a372d2729f29172c87	
olcumler/meta/meta_be_m2_p2_on.json	C:/Users/berke/research/entry_v1/out/meta_be_m2_p2_on.json	2643	26417f5ad49bd749b85a1ccb247620faa56d7bcd2b93839b902a7ac7052e93a3	b6fd28ef3d712345c3085d2d1fb5513e3abd2f8d3cfb9cc453ccabf78ceb5825	
olcumler/meta/meta_be_m2_p3_off.json	C:/Users/berke/research/entry_v1/out/meta_be_m2_p3_off.json	2232	42fd591bdc72dd4fd5a86a8f81b5103cf14f89cef17c364be18a7f7e09b41a97	1535a43ed2e23115852fefe1994542592458105c9bbc6ac6c343a7a1999b4602	
olcumler/meta/meta_be_m2_p3_on.json	C:/Users/berke/research/entry_v1/out/meta_be_m2_p3_on.json	2323	feba25ce41196f27ae6c77a9fab9d6a328e52adb107091813dba14a0ef20021a	40847b67bb1fb87682cda81749ed7277d37cdd40cd014525f136fc98d7472f00	
olcumler/meta/meta_be_t2_p1_off.json	C:/Users/berke/research/entry_v1/out/meta_be_t2_p1_off.json	2289	0a2b66a462274491b03f4dd13eb77026da2b15812edc5dd40679437c4214ccd0	e76a3f55faba4ac26ab934e3908816851ca1505481d3f8e5915cb3ce1023fb10	
olcumler/meta/meta_be_t2_p1_on.json	C:/Users/berke/research/entry_v1/out/meta_be_t2_p1_on.json	2447	419c0ff252849143b8f0c92438e5af62476273cf58cb4b9af55d7af62afb730f	d75f91acf4df9c45fe355b33808115378af80b068497e0131e0bde75335e2601	
olcumler/meta/meta_be_t2_p2_off.json	C:/Users/berke/research/entry_v1/out/meta_be_t2_p2_off.json	2221	2eff9527237b6c0bc89f860c4bba4b71c404086068c3754eb94bd0d3e7de7283	3ad17508541e998db3ea76da8300619573d35deaba907f2711b594c4578f9884	
olcumler/meta/meta_be_t2_p2_on.json	C:/Users/berke/research/entry_v1/out/meta_be_t2_p2_on.json	2536	e8dc3c8c3daf6b42c871d40a9f9a09d3c5ccd36c5e1de3bbbb24a555d0dd4a74	6b93f4d287e812192c0ebe5a5f714590b9fca7e870f5b9e7f03981ef35cfc033	
olcumler/meta/meta_be_t2_p3_off.json	C:/Users/berke/research/entry_v1/out/meta_be_t2_p3_off.json	2070	30860d9b29b5833fe95b77f1ac27cbf9c0ee9589bffba7d3f4dca7a38773f44d	1565b6fc85d223f0cce6ccedc4f14d0865d2df72a11422e88cb8410e0b6e33b7	
olcumler/meta/meta_be_t2_p3_on.json	C:/Users/berke/research/entry_v1/out/meta_be_t2_p3_on.json	2258	87941114ae6f9ad1e9f92eea5e7d2a7507844be32204a26efad36f6fa2663c0f	f1a66dddf4727473800725461cef7b059b037078cb18831dd4389d2b409d3b8b	
olcumler/meta/meta_gr_m2_p1_10b.json	C:/Users/berke/research/entry_v1/out/meta_gr_m2_p1_10b.json	2294	50007cd232defbaf8a046ea1027525b1d1744c1d0754c52c0716be6e80574f72	5cb857a28e377034116106a9e375b18ac2467c476f0fb2a3ae01050b1992c72c	
olcumler/meta/meta_gr_m2_p1_10c.json	C:/Users/berke/research/entry_v1/out/meta_gr_m2_p1_10c.json	2294	2521e3be70db55e11b9d90f80fe198f86f41961321358e9b598c3c7fc2e2d39b	330836ac34f0a89b9a2cc1bc68574fe7c4ca4393300bb128d6191e66859c54f8	
olcumler/meta/meta_gr_m2_p2_10b.json	C:/Users/berke/research/entry_v1/out/meta_gr_m2_p2_10b.json	2369	5a66b940f9e0b7cf5b9aab67ae29e7d212aafb80091192e0b3d3846c2c02f0c9	ff0c019682c822a5524be2cd58d2a81a4c8526c60bf85cb62f9c698d79c66a6b	
olcumler/meta/meta_gr_m2_p2_10c.json	C:/Users/berke/research/entry_v1/out/meta_gr_m2_p2_10c.json	2311	b8b419bcadd9a7515cad027c6a0b83140ee4eba6b55eacedaa214461e1aa20d7	1133445f64c6a98da874a3488eb2b3728385a56664598caa336848415d8bf49e	
olcumler/meta/meta_gr_m2_p3_10b.json	C:/Users/berke/research/entry_v1/out/meta_gr_m2_p3_10b.json	2267	26d878f95125123c0eb13854e70adb9a3673b26621fc32ede6268df1146fca4b	dd0af4ab6bdb9d27519ff72bc75ee88a8ae1f9a0690664b0257e7bea1c87b406	
olcumler/meta/meta_gr_m2_p3_10c.json	C:/Users/berke/research/entry_v1/out/meta_gr_m2_p3_10c.json	2267	8022ba33e474a136b2e912f608339650e9f578413f4533728f1757d6be8f4fb8	0d822b6d2a9a30ab87647e30450e21544dfe5d3f9e6319cef4cbb6aecbcf7907	
olcumler/meta/meta_gr_t2_p1_10b.json	C:/Users/berke/research/entry_v1/out/meta_gr_t2_p1_10b.json	2149	820f9ca20ccd215db4feffb8e2545da4c0a18529555ce68b97099a95955a3293	4282c44831adda7fe9c5f78ee3b50524070a77f76d6f76908157a35aece535f2	
olcumler/meta/meta_gr_t2_p1_10c.json	C:/Users/berke/research/entry_v1/out/meta_gr_t2_p1_10c.json	2207	7075d87504aa6c3077062c3619c3e3493a7649c1ec9a039498901c6c710a3c51	45118e39f26523fb8099d7d163d8d5daf0b9e3d63e6033e4b92dadb6492b8fbf	
olcumler/meta/meta_gr_t2_p2_10b.json	C:/Users/berke/research/entry_v1/out/meta_gr_t2_p2_10b.json	2231	ab0eba1ac5c80f588f7e7a7240e1f48e002a8c03d4f7c8a7d7b2748c95885917	6bb4dbd42b7248ed6b1215afe926c41e98d96b32a2256029a225ee729c8224e2	
olcumler/meta/meta_gr_t2_p2_10c.json	C:/Users/berke/research/entry_v1/out/meta_gr_t2_p2_10c.json	2256	1fcf99738a1688b2215deb800343e56516be79f816ecd9bedafbed271965c8d9	02ccf095a22ac5e9a6f808bb3655e9656fa02b416d9c8a00a7a5fbec45d4ca1c	
olcumler/meta/meta_gr_t2_p3_10b.json	C:/Users/berke/research/entry_v1/out/meta_gr_t2_p3_10b.json	2105	ca14d66c5df9af54e033f8deeede59db4179f515dabf2c32242aa94f113d12a2	ed0c32f87243eaf1d438b2c175cc220724975a0f016a3c3f0f4f7eb16dc945aa	
olcumler/meta/meta_gr_t2_p3_10c.json	C:/Users/berke/research/entry_v1/out/meta_gr_t2_p3_10c.json	2157	6674fbf72422ae1430d5b57d3a173de2ce9f4b152c9ab4c76323a294e6914684	4c5111c81f0cfb61def14d80a58f5f83c37fd422c0b12167632cbfde79e55570	
olcumler/meta/meta_lv_m2_p1_l1_e200.json	C:/Users/berke/research/entry_v1/out/meta_lv_m2_p1_l1_e200.json	4048	9bf0c4d1ad367a8342b41fcf63ac18ce2817f28882e4321c214d3b80429a2f16	2a9178e304331fa635fd7b3a414bb8dc6a1f230f816635957c5b8685dd5eceb1	
olcumler/meta/meta_lv_m2_p1_l2_e100.json	C:/Users/berke/research/entry_v1/out/meta_lv_m2_p1_l2_e100.json	4828	2ffcb3355b95d53931019095d3f03d8262963465864d3b0a440c000ca8b183d9	c89da077c3dd4947a5c6845d6d41fdd9ce7b0f32d09ebeb73f621d991e411f16	
olcumler/meta/meta_lv_m2_p1_l3_e100.json	C:/Users/berke/research/entry_v1/out/meta_lv_m2_p1_l3_e100.json	4828	f8725351d641fc54e7a3756b7c0afffb67380b678c80495b4b41bfbdd407e017	43c58feb05e0a6552beae739ee51314cc5cf2ada0c1a91a9a1e5dea91bf9f765	
olcumler/meta/meta_lv_m2_p1_l3_e200.json	C:/Users/berke/research/entry_v1/out/meta_lv_m2_p1_l3_e200.json	4048	16b3268901bd1e35951c769c4c15bde81f8360ca3f3bcec8718ab3f4f597745a	c6000042f41022f58c869ef60da7fc0fb0d5d66894a1bb49ce918f699b70d93e	
olcumler/meta/meta_lv_m2_p1_l5_e100.json	C:/Users/berke/research/entry_v1/out/meta_lv_m2_p1_l5_e100.json	4853	75f284969b6055720cca74a50bb3c641789d18b72719834c357c03f638a8bd84	24261e27a360e9c9b504440d56ce8eb451ef1120e2fdb508c78fd03ccec1d1ea	
olcumler/meta/meta_lv_m2_p2_l1_e200.json	C:/Users/berke/research/entry_v1/out/meta_lv_m2_p2_l1_e200.json	4477	74022740c1d04ef5b80df5f875ea0f3dfb97e1e5070d85a42091e7534d3e3343	555cba4628367c71aa9f62ccff60ff280f94b674b4f15bbc33e3f5022f1546d9	
olcumler/meta/meta_lv_m2_p2_l2_e100.json	C:/Users/berke/research/entry_v1/out/meta_lv_m2_p2_l2_e100.json	4830	f6ec24a7ef997d751e71378ecec2a413a4eae6a7fd6101bbfbc9d0ecad6424ca	8d7237c0e9f773c4f63bafa50697f91951353b75bd6864807c76b806737619e0	
olcumler/meta/meta_lv_m2_p2_l3_e100.json	C:/Users/berke/research/entry_v1/out/meta_lv_m2_p2_l3_e100.json	4830	4b621943703072f12d3afcab1d1144dc9151f1d98dfc36035d8c55942389fcc3	364afb0791e51b6811979a23a9048ab3c13197465ebf27074872c44a9b4dc170	
olcumler/meta/meta_lv_m2_p2_l3_e200.json	C:/Users/berke/research/entry_v1/out/meta_lv_m2_p2_l3_e200.json	4448	a1877e2a481a337f34bbc76a02783ae127e82f26e95d8b0246056066d47432b0	e913c4b5b862729897483e39ad72ee22052181737c8d6651c5fd9fe347787ca3	
olcumler/meta/meta_lv_m2_p2_l5_e100.json	C:/Users/berke/research/entry_v1/out/meta_lv_m2_p2_l5_e100.json	4804	a07c36820398cf2970852b4b6d9676a2471cdb9b162d665485aff26114e0a34f	8a45206495a757dcda766ecf242c9e42a52db7ffc3e3528c31c5dfcf876ea4b7	
olcumler/meta/meta_lv_m2_p3_l1_e200.json	C:/Users/berke/research/entry_v1/out/meta_lv_m2_p3_l1_e200.json	4808	7588119db55e157d7c47276a351e0f49a5eb53a53f03e81c73f09cf240088f2b	4a30343a6f73c5ce873a8db0e207f7c12a0f7cbbb2c709292149f86a50fec31f	
olcumler/meta/meta_lv_m2_p3_l2_e100.json	C:/Users/berke/research/entry_v1/out/meta_lv_m2_p3_l2_e100.json	4895	6ffe03f7070bfd683da6c7a5e26fee79ce40d6a311a86ee6bf2f94e7f2e48c35	b5892878ae01ee2593f6fc783598a2394a46f3484055814d89b4c7d1b2d45fff	
olcumler/meta/meta_lv_m2_p3_l3_e100.json	C:/Users/berke/research/entry_v1/out/meta_lv_m2_p3_l3_e100.json	4895	8c37134d895aeade33431e15d53105cfe0fe6416fd936c41345eea9c539606fc	56e8c498e81eb1c2427e38f20ad8393745dedf9894019755733276d10a32e686	
olcumler/meta/meta_lv_m2_p3_l3_e200.json	C:/Users/berke/research/entry_v1/out/meta_lv_m2_p3_l3_e200.json	4727	b3ba8ddfafde0a899e5f051f2f005acac10f14cefd4d2920c3a20e235f2e3690	cda4971fdde31b4d919744226cbbc530f83a7df9eab65043fb26d3b37bc7ee55	
olcumler/meta/meta_lv_m2_p3_l5_e100.json	C:/Users/berke/research/entry_v1/out/meta_lv_m2_p3_l5_e100.json	4977	cebaaec4372ccd7c1301c6fe876ec06fbfee5a1773b6b056d00bdc449b8361aa	809d54bafd5afbe77ce74496cb9af8d94a7ae89c453f8ab629f17b552daa5a79	
olcumler/meta/meta_lv_t2_p1_l1_e200.json	C:/Users/berke/research/entry_v1/out/meta_lv_t2_p1_l1_e200.json	4040	bec1eff8a5d2c41939e8bac14818a10426048c62fd777ef5d1184fd7bcc8ff02	38b3f33c515f988d6fc7b0310a17fef55b9a759c69a768837d9d910dee16c4e4	
olcumler/meta/meta_lv_t2_p1_l2_e100.json	C:/Users/berke/research/entry_v1/out/meta_lv_t2_p1_l2_e100.json	4221	f63db2b672b310017efd2180039db51d5fa14c5f9c498452d5700e62c3d11db7	6c58dbe0e4e0921cd9bbe8cef5fd219ec87d45b675e51c35168377e7d7bf9bf4	
olcumler/meta/meta_lv_t2_p1_l3_e100.json	C:/Users/berke/research/entry_v1/out/meta_lv_t2_p1_l3_e100.json	4221	a839aeeb490781d60960375053d518d95d3ce8e8c6753c8042f4f8ad7d3b4d59	96f49984604369a5d424c55b4f4734ff219d58466c495a4c1d5bd3d755e94397	
olcumler/meta/meta_lv_t2_p1_l3_e200.json	C:/Users/berke/research/entry_v1/out/meta_lv_t2_p1_l3_e200.json	4040	29ac1e8d4f4714b31a8c401cde3b87c2d4d1e69f27276e065cf545f266033831	99017661d0994fe80940f1bd30c10401f1746a164cda8c0ccb8fbfb3bc69f4e7	
olcumler/meta/meta_lv_t2_p1_l5_e100.json	C:/Users/berke/research/entry_v1/out/meta_lv_t2_p1_l5_e100.json	4599	81f39506e942a5089d0e1bc67120fff321361f5726a1577f05c8921d5031f57e	0fc86499da898c7240ecefe58e0d079ba70cf82aad10c5e5632cb830429f9fb6	
olcumler/meta/meta_lv_t2_p2_l1_e200.json	C:/Users/berke/research/entry_v1/out/meta_lv_t2_p2_l1_e200.json	4392	645cee76f4316bc8acfcb619d4f118c5024bbfb2388f3ff283bee124e43870b9	4fa7ef48f9580742639e2737c2c10e30843e76ffa55aaac463c38f2594908f2e	
olcumler/meta/meta_lv_t2_p2_l2_e100.json	C:/Users/berke/research/entry_v1/out/meta_lv_t2_p2_l2_e100.json	4674	56f0fe3723e985f887f13515e47e2402279aa6a47859d84514cd70cfc40c7ef7	4989d81d716a58dfff49d4999fed6ce2177f07fab8aed49959e907198ea76f60	
olcumler/meta/meta_lv_t2_p2_l3_e100.json	C:/Users/berke/research/entry_v1/out/meta_lv_t2_p2_l3_e100.json	4674	f772fb0a66408211678c6f5f18ec3973fb92002d6b5c6e02c88d6f152988642b	64e62ffaabb736f0e1dc6809800732e3fd6e87d2ef229be1f8f52d838f720153	
olcumler/meta/meta_lv_t2_p2_l3_e200.json	C:/Users/berke/research/entry_v1/out/meta_lv_t2_p2_l3_e200.json	4309	cc3a787359db4e198873c2c75df16f09c7be9a892768e30b5bf3e7cab22b307c	afdf7f73b31b8d954b2a0ef5a994335380d5f1f94c6b4ddc189a1ce707f8b97a	
olcumler/meta/meta_lv_t2_p2_l5_e100.json	C:/Users/berke/research/entry_v1/out/meta_lv_t2_p2_l5_e100.json	4674	fda9c06828f956bcd28a99532676fbc76fea75fa51c307c19379af1ebaeed6d9	5ad0061b4d3848d67b68a654f208a7ae1c24947b15c4755d1c280914f4d5c540	
olcumler/meta/meta_lv_t2_p3_l1_e200.json	C:/Users/berke/research/entry_v1/out/meta_lv_t2_p3_l1_e200.json	4536	6aed63d1ad51e32acecbd376337d7f2b2336b618d04f1b3ba096fabcd293bbc0	e6be757db634dd56231245143109048fd13f3ba1d55d30bde71c586d4e7df907	
olcumler/meta/meta_lv_t2_p3_l2_e100.json	C:/Users/berke/research/entry_v1/out/meta_lv_t2_p3_l2_e100.json	4641	a5ec4407d20add6825e80bea9255329974a2245919dc28e43341dc7982eb928a	a6e98588051d0dc15b733e838178672cb2fa1cb29fa3faf0e1547c04464c072c	
olcumler/meta/meta_lv_t2_p3_l3_e100.json	C:/Users/berke/research/entry_v1/out/meta_lv_t2_p3_l3_e100.json	4641	4e10c235ebdb6dce62ace68fa7d940bc51c57555f25fef8285bd7bb2767f81d6	eb909e303884a744a57edfc7e569b35fd70ae094dbd76b5c7ae91b33c1d11eff	
olcumler/meta/meta_lv_t2_p3_l3_e200.json	C:/Users/berke/research/entry_v1/out/meta_lv_t2_p3_l3_e200.json	4430	f79fb1cc49751c342fa2fc44550fb389df9e0d9827d8f260e6571705a8a23bd9	0d8babd6a7238a78773f8e21ee01c92e6fe3ba838f2af4643f70c338e98b0819	
olcumler/meta/meta_lv_t2_p3_l5_e100.json	C:/Users/berke/research/entry_v1/out/meta_lv_t2_p3_l5_e100.json	4641	364cb86b289832912f580a93bd5ace5dd248aa02f07631284b53b8cac32e77b2	e67f510dafa812a290d855748b7496f21d87f023d54f0e151cfed3721809c44c	
olcumler/meta/meta_rk_m2_p1_b.json	C:/Users/berke/research/entry_v1/out/meta_rk_m2_p1_b.json	4746	1e99226487fc46f65a2f6be943b394af1bab2b8b9932fab1e23d49d440589067	fe89cd2fe14c68b36c82896f6deedcddb92be4294975faf63cad52f650984553	
olcumler/meta/meta_rk_m2_p1_c.json	C:/Users/berke/research/entry_v1/out/meta_rk_m2_p1_c.json	4783	64fc5196d29d0d26e7ca2bae7afc09f40000495dd9104db3eee2fa8cc143cba0	d7df0d699ad09ec626c028274f4dcb2f6319d445a7056d599fc35a04dcba3b4c	
olcumler/meta/meta_rk_m2_p2_b.json	C:/Users/berke/research/entry_v1/out/meta_rk_m2_p2_b.json	4903	741d0f16ffbdb2c7c677f2d1349b32ec7f40f178d8b8f6c33b3b1544161dbe8f	81ac13720a8ad89e3a0ab933214554ea3b3377f31b5b571e856a37f47e73e5c4	
olcumler/meta/meta_rk_m2_p2_c.json	C:/Users/berke/research/entry_v1/out/meta_rk_m2_p2_c.json	4841	526303af336cb93d2ad93bb060277693137272e1c623c18780416c5f4b310dc0	ddd89350bc16cf7900bd96b2229b2b32d05d7a1658db61f61f01a4cd1d639e66	
olcumler/meta/meta_rk_m2_p3_b.json	C:/Users/berke/research/entry_v1/out/meta_rk_m2_p3_b.json	5046	cf27b8e27d7ee402d77785ce130105c544830c065f39ae97fb218dd2dcd9063b	4c7aa09e05c60516b89e802c414ea8b94f31359a603ae4a3542ab172649094b8	
olcumler/meta/meta_rk_m2_p3_c.json	C:/Users/berke/research/entry_v1/out/meta_rk_m2_p3_c.json	4960	fc524efcd46eb5e777e7096633d5c4f46e58c2b9d211c85a888432be3ca86230	c6f4e4ba611f3327d90ed5e656b394872bb78e993ab9916012216936e695676a	
olcumler/meta/meta_rk_t2_p1_b.json	C:/Users/berke/research/entry_v1/out/meta_rk_t2_p1_b.json	4090	3d646b990d84f9547fa3c9b9fd7d8e0eaa80896e2bb6f5eed4f0e2913276d373	0afe7cb716fd4d5c431a2bb1ddf9a372be0d2279ad9178f0b5883b470bff6aa4	
olcumler/meta/meta_rk_t2_p1_c.json	C:/Users/berke/research/entry_v1/out/meta_rk_t2_p1_c.json	4176	5b5c4fbea2fe152bdb13956c08233c5bc87d9d97200e476f66f77cf35b9036fe	8df08b65b940f464edb5e2d58baff1d6c00d5f41c73b712bcaf0a58da148e412	
olcumler/meta/meta_rk_t2_p2_b.json	C:/Users/berke/research/entry_v1/out/meta_rk_t2_p2_b.json	4769	5f449739405e922d2c413081cde8247d3c955cf75674d0a5449cd4811f1dbc7d	1de104f5c3f299e456ff1ce5c31f2a0e69bbf720b3224cce42b35ead0b22195c	
olcumler/meta/meta_rk_t2_p2_c.json	C:/Users/berke/research/entry_v1/out/meta_rk_t2_p2_c.json	4765	bb3c385aa5897facae6088a858119835ef78f1e7c735afcd4fa57525b726430c	74f2ef79fe6b493763a3b1e7ba15cdb2ee969af0638b64606928880f10f9a7a3	
olcumler/meta/meta_rk_t2_p3_b.json	C:/Users/berke/research/entry_v1/out/meta_rk_t2_p3_b.json	4840	45a689dda92e3e9a36de4b7b900706f0c7ad7bce72305ae044a6c48688f20f75	557dbaaafd354eb98b31f5fdc5935bfcd6f063956c172bb0197919e982ceb647	
olcumler/meta/meta_rk_t2_p3_c.json	C:/Users/berke/research/entry_v1/out/meta_rk_t2_p3_c.json	4703	0ef1384a19dd18b80f8606addc7ab63495b10898010599df1156c807c993a3e3	6fa86322d1a311abfc86476745e43400e7bd86f024d5177879043b3c61bd2f65	
olcumler/meta/meta_sl_m2_p1_10c_12slot.json	C:/Users/berke/research/entry_v1/out/meta_sl_m2_p1_10c_12slot.json	2322	3a9beb62b99a3c6fe4c2afa2d1468669e1801f6b938f2387b28b83f4b3547993	3a15285962fad9f8ef7d1ca932bcfbaaf1cfbe04c15376538c61db5345d110dc	
olcumler/meta/meta_sl_m2_p1_10c_6slot.json	C:/Users/berke/research/entry_v1/out/meta_sl_m2_p1_10c_6slot.json	2319	1c6d71745c62d8a1f97012f22db898cdd9a97c382a5a0dc0a111555c24374d0d	0cdc8a3002b60cc83564377e9ce3db1b80b58496ab40541f2d9569a57d5e3909	
olcumler/meta/meta_sl_m2_p1_40c_12slot.json	C:/Users/berke/research/entry_v1/out/meta_sl_m2_p1_40c_12slot.json	4496	14a39d3a06470e9d73349f438194fdf761090b08a7f7f29960c958d5514f25ae	e3c1a1ce6ad0498771227e9e467294e35b585b042bcebd0d7742da33aaef52a6	
olcumler/meta/meta_sl_m2_p1_40c_6slot.json	C:/Users/berke/research/entry_v1/out/meta_sl_m2_p1_40c_6slot.json	4997	909a202c17ad3c11218da672d022aeeb83565358742fd98227a5a0933d9315c3	d03ff4061c3b839cd22dc516faa220de0c685f4cb952bd14e4a22c1e607be52e	
olcumler/meta/meta_sl_m2_p2_10c_12slot.json	C:/Users/berke/research/entry_v1/out/meta_sl_m2_p2_10c_12slot.json	2334	0b792e428830a652311d56f0f08428c067cb467c5afe682c048129802d99238e	216a5fcf955d3dd830e8478e7976bd9de1017d6bf10cd05c23806fc80b0c2a10	
olcumler/meta/meta_sl_m2_p2_10c_6slot.json	C:/Users/berke/research/entry_v1/out/meta_sl_m2_p2_10c_6slot.json	2521	7af48bcbeb7392342dd53d6d5f08d31b47f68cfec8481cdd6ced327bb4b75872	ae1ad4f613e7ed4f29224cf26ad537bda6ec58ee5b83e2d7547b2005cb10b1d3	
olcumler/meta/meta_sl_m2_p2_40c_12slot.json	C:/Users/berke/research/entry_v1/out/meta_sl_m2_p2_40c_12slot.json	5722	0a805e648238ec81863f6269998d2f90e6a9f0e73b4224e5ba273179f21a6eb7	6315007649491692fa4b4a729810cf23fe3d6c430ec720b9a818dd1c1cf859ba	
olcumler/meta/meta_sl_m2_p2_40c_6slot.json	C:/Users/berke/research/entry_v1/out/meta_sl_m2_p2_40c_6slot.json	5883	bdef299d1f29d5bc1abb111f1443235ebcc5309f729d0540083fc93b65943bfc	8ec672ed740b8604719b764becfbfd59e2697d02e974feacf2a6f3c1542957d5	
olcumler/meta/meta_sl_m2_p3_10c_12slot.json	C:/Users/berke/research/entry_v1/out/meta_sl_m2_p3_10c_12slot.json	2217	4a86993a738c79e4e9387e54db6e7db6b8a5a1901b9704e18bc67848c8442229	080bef10cc19b3bd21b694239e02b0a22cbbb43e7de31ca46463a11629609368	
olcumler/meta/meta_sl_m2_p3_10c_6slot.json	C:/Users/berke/research/entry_v1/out/meta_sl_m2_p3_10c_6slot.json	2236	2d60d3e1cd82ef79df96df2b662c69521c0c1ca632874838640f4e30754a5ef1	ffb0e42c3245652c826ed901d61592116dd523e5d5127467aad01abba7240625	
olcumler/meta/meta_sl_m2_p3_40c_12slot.json	C:/Users/berke/research/entry_v1/out/meta_sl_m2_p3_40c_12slot.json	5879	6ead0a68636f3fbf38042730a0aa6c73759c3e5942e719b09aa8add7b6baa962	6571b106a8491c5aa52b36cb9a82e0b193631afd6a2a6aa327eac137bc28de5a	
olcumler/meta/meta_sl_m2_p3_40c_6slot.json	C:/Users/berke/research/entry_v1/out/meta_sl_m2_p3_40c_6slot.json	6315	31b9c29da30e334235ce84a8685527d0b4660161acd5e76cb0ba0e02587a0d59	b2be613f3c40cadce026b1a5a6d7fded6e27d1f66a3de248fa8aa874ff1f3fec	
olcumler/meta/meta_sl_t2_p1_10c_12slot.json	C:/Users/berke/research/entry_v1/out/meta_sl_t2_p1_10c_12slot.json	2323	1f2fa63f4127cbcae0e287a2e55076593bcc41dfbf2ac5f848e3861f86c58ec9	85f02fa7e730f0efb3b3a43461c6bef96e9a61c0b1c541d129370a80eab1565d	
olcumler/meta/meta_sl_t2_p1_10c_6slot.json	C:/Users/berke/research/entry_v1/out/meta_sl_t2_p1_10c_6slot.json	2345	9e1ed7917d81a02f3eebfa5a8d7decacfea2b6938bd51ab606030838cfa266b3	e7066d07aa503a605700aa49ff85e7769e9d352246674b13c74464e3aa04ed2e	
olcumler/meta/meta_sl_t2_p1_40c_12slot.json	C:/Users/berke/research/entry_v1/out/meta_sl_t2_p1_40c_12slot.json	4449	390bb3ea6e05e5b89e3e7833c33978bdbc7aa7a5c1d0dda4e16a29c172a10211	255c69117c0e5a28ce8c3f14cf2b1bc46f74cc8b66cee0bb32e827fbfe0c43ce	
olcumler/meta/meta_sl_t2_p1_40c_6slot.json	C:/Users/berke/research/entry_v1/out/meta_sl_t2_p1_40c_6slot.json	4999	7319c11268c8f9d6cc80a78cf8d8b74d25c13ade9409298a1bb90cce31ed78d6	1fe2ceb3fd78ff73b441007863d719616ad5b0cba367abb4c431183652bb13f7	
olcumler/meta/meta_sl_t2_p2_10c_12slot.json	C:/Users/berke/research/entry_v1/out/meta_sl_t2_p2_10c_12slot.json	2364	0e83af7a85e693ddabc9b5141c7e0a7ee7e1982f2cc106e4e24f450907275638	ac1af94feaa7574c4ad5165c35b50da804424f920d9ac83cfbcda7764c3665dc	
olcumler/meta/meta_sl_t2_p2_10c_6slot.json	C:/Users/berke/research/entry_v1/out/meta_sl_t2_p2_10c_6slot.json	2503	d641de363f64c99d581ae1c2c83e0237e31d87cd8c683fc8fafa020cdba2c1fb	b2776978c926af1a3f1b2687b8b4a930475d04929989d67397b030c3df406c85	
olcumler/meta/meta_sl_t2_p2_40c_12slot.json	C:/Users/berke/research/entry_v1/out/meta_sl_t2_p2_40c_12slot.json	5672	51a30bf8747729dc0cc9a245b1ff8d99e1f07040bc156ac3e6cc25d2f41914d4	7ded01802ad225c09f51317e3fffec874c73c0bd12eafc125912d09fe29c24c7	
olcumler/meta/meta_sl_t2_p2_40c_6slot.json	C:/Users/berke/research/entry_v1/out/meta_sl_t2_p2_40c_6slot.json	5592	73281a3391312a2e0a8ca452beb2d2d29105f98d5f12f50d747baca0e959e1d6	142773b7c3fbf04dd01f66dc2332d0cdc014c6eaa7f199f241d141fee2bdee79	
olcumler/meta/meta_sl_t2_p3_10c_12slot.json	C:/Users/berke/research/entry_v1/out/meta_sl_t2_p3_10c_12slot.json	2217	97bf3fe6ff7b784417e10b70438bd0a5e2204cc0e4187cc17ca2345314a71464	1c8b5d0d005ab1e98e1c0be844d9902b43028187a6ebb0c256210af53d4a9138	
olcumler/meta/meta_sl_t2_p3_10c_6slot.json	C:/Users/berke/research/entry_v1/out/meta_sl_t2_p3_10c_6slot.json	2373	5775e3f163b1e62fbae46ba30dc300caa03b2bb1bdc23207f1b3c97fdd9ea45e	137cd6b8fb992cad405f15dbb35d85b5451d689106a594461a2ce756252fe247	
olcumler/meta/meta_sl_t2_p3_40c_12slot.json	C:/Users/berke/research/entry_v1/out/meta_sl_t2_p3_40c_12slot.json	5012	bb5aa71bb9b4ad4aca39c5197715ed5de689d9292cac11d11e110ac2f60e215c	fa5d75ed83381d9c64f185fdb2d52cbc6632f4bc21d7ef4e002986fff0acc85b	
olcumler/meta/meta_sl_t2_p3_40c_6slot.json	C:/Users/berke/research/entry_v1/out/meta_sl_t2_p3_40c_6slot.json	5716	8957b1248e8b4cb092aa57bcd2a7de006009d729e454a9e77a56f220aace9db4	658a683f49e404f3a81ee671163b326e7623579236e91390ec3c108ea1bf0c09	
olcumler/meta/meta_tl_m2_p2_a2d1.json	C:/Users/berke/research/entry_v1/out/meta_tl_m2_p2_a2d1.json	5054	87b7ba2c54dd3ac3c02554d35cc1d19182eba062c3166f95049e582e9b3b9cf5	f9778c473b57ca98a4fdf11f06291c71db2fd1273bbb99b362736ee85d5ec71c	
olcumler/meta/meta_tl_m2_p2_a3d1.json	C:/Users/berke/research/entry_v1/out/meta_tl_m2_p2_a3d1.json	5108	3b11e9278c2d27b4f22b034912ec126f8b798be6d6af421ddd4bb41cd1c209e0	65cec00819dbd102059ae4707ae720b905f1454b695b4b3cf303bc20c1ae13c7	
olcumler/meta/meta_tl_m2_p2_a3d2.json	C:/Users/berke/research/entry_v1/out/meta_tl_m2_p2_a3d2.json	5131	98d300feb3317baabfd4da822ec3fe01f0f1c06b2d28b737205ed30e7b410dc1	a6b5ce1ec9cb5a7745986efd0a5aff9106a26b7e642be764bdff770d76bcc506	
olcumler/meta/meta_tl_m2_p3_a2d1.json	C:/Users/berke/research/entry_v1/out/meta_tl_m2_p3_a2d1.json	5275	1713d3da4b3ceccaea156ab0926db8668604f269356e741eac687d9cca74baed	826b064a2d1abae0b49309d38c77514367a54188218bf14b0425a7f06f458dc9	
olcumler/meta/meta_tl_m2_p3_a3d1.json	C:/Users/berke/research/entry_v1/out/meta_tl_m2_p3_a3d1.json	5201	f53461dec57d272d4d7c798bc6af9361d45b652af64c8695dc902f74fa1ad4f3	3a3559368c3398e0f7fa053bd678f678ea8d2fe44351601ee763475bc9155d0f	
olcumler/meta/meta_tl_m2_p3_a3d2.json	C:/Users/berke/research/entry_v1/out/meta_tl_m2_p3_a3d2.json	5251	f7d00cdce200692d8c663f4cb878d882d75ee44290a91c4b25bff999eca1a845	51ed79893b90e2f5475cae7ad6534a1e2d16e5d4349b82f3f950a0a37d03598d	
olcumler/meta/meta_tl_t2_p3_a2d1.json	C:/Users/berke/research/entry_v1/out/meta_tl_t2_p3_a2d1.json	4966	62c91c2f586d8ca32d6c7f55c9c25b2fbc5d510d69b3c8f7a9864eeb811ce417	905118795b2ee8259ba2d99ca7bdea4cafe36e1392071870b2e1bdf28a1d4f4d	
olcumler/meta/meta_tl_t2_p3_a3d1.json	C:/Users/berke/research/entry_v1/out/meta_tl_t2_p3_a3d1.json	4966	ad1ed264092d76903b750c8a4cd3237dca59129105d86afba97a3409526c3113	184c81d8e31d994907d59d762bdc8396efef6ce3c16338453baa7c8033a83368	
olcumler/meta/meta_tl_t2_p3_a3d2.json	C:/Users/berke/research/entry_v1/out/meta_tl_t2_p3_a3d2.json	4942	5c18fa3dd775348fa7384cd981b795c4e397e9d36ad74129df19f0f33a365452	82465beb79a6b20a1863480a47a14685f09451b4592357e9a2a04c524c04a4ac	
olcumler/meta/meta_u40_m2_p1_10coin.json	C:/Users/berke/research/entry_v1/out/meta_u40_m2_p1_10coin.json	2271	1d598b39ac8ee801ca4057aa3a21a6db1b4ca7ee65cd2b1a04fade786118a011	f892d36c3419f2b20b3c983d5e62c9c9ed04fade00906a0b479055b3f545a563	
olcumler/meta/meta_u40_m2_p1_40coin.json	C:/Users/berke/research/entry_v1/out/meta_u40_m2_p1_40coin.json	4725	1668dbe818a3c8d891bd2db7249d4a842bc6d1ad4c563297f82e38405ed4a273	c8ec7eaf298080483b9cc837f3bd75530f9e61f729586acce377d62808d7be11	
olcumler/meta/meta_u40_m2_p2_10coin.json	C:/Users/berke/research/entry_v1/out/meta_u40_m2_p2_10coin.json	2347	09adf634c22381cc5e3295d9d3343be5a58fb049fc2d7d212d040358adaea0e1	6061492ecb3e860c2dde95ad525610230658468dda4d7cc40dc389346a5c080a	
olcumler/meta/meta_u40_m2_p2_40coin.json	C:/Users/berke/research/entry_v1/out/meta_u40_m2_p2_40coin.json	5014	2625d438484d01876413ef9cfcfaf8f1df4191df153dde1aa01d996c2e666e74	ffc1faae24c5d1f5080210b3d2c35fa72b7a0505686d6b5ff6c1562c72eaddeb	
olcumler/meta/meta_u40_m2_p3_10coin.json	C:/Users/berke/research/entry_v1/out/meta_u40_m2_p3_10coin.json	2244	f4d4e8ffec93d690e4d6c4cc961a93e9ebdd4784bd76f202973cb2eeb572c497	73f94f3280e9579fd45f26eec8b2253dca6f1e10710d06186567b4ae2d2d048b	
olcumler/meta/meta_u40_m2_p3_40coin.json	C:/Users/berke/research/entry_v1/out/meta_u40_m2_p3_40coin.json	5192	ab0d37a3b32e0ab0875d48a1019c70a4ca96712bf22839119b6300ca8539d7a0	32eb7767a37091fe8fec136a8a644cd65b13c02286909357903d319799b9914e	
olcumler/meta/meta_u40_t2_p1_10coin.json	C:/Users/berke/research/entry_v1/out/meta_u40_t2_p1_10coin.json	2126	48934e0dde3711d8ac7c7fbc6cf7c4b761922041603b5dffd3d4756826194f91	852f216c320011c72d1908da2b73d1f1b0127950778188b9139df355c5c97f2a	
olcumler/meta/meta_u40_t2_p1_40coin.json	C:/Users/berke/research/entry_v1/out/meta_u40_t2_p1_40coin.json	4148	ff0261031b5b670a5fc5699b0387310b80e0648a6831b312bc7931e5461e5a79	04402294cde740d7405f8dedfa2541ac01f0fb185754404b5bdb28953a8f7378	
olcumler/meta/meta_u40_t2_p2_10coin.json	C:/Users/berke/research/entry_v1/out/meta_u40_t2_p2_10coin.json	2233	66f7eb70586e3c0e273552c71daaf4b30c2a8a08a155664b46ea425fb104ce26	5acbedabcc136d3f4beaa0d48b40d55f910cfea65aa7914b1bc84fc8d0e09ee1	
olcumler/meta/meta_u40_t2_p2_40coin.json	C:/Users/berke/research/entry_v1/out/meta_u40_t2_p2_40coin.json	4513	62d1d7dd9e10ecbaa6941096d8b2da7a3b1ed97d91949bcf4ce3cdb83b026bbb	30031f91dcd71dbfcf6c60d957b337a8433568df22cca6e407399f7dbc3ab331	
olcumler/meta/meta_u40_t2_p3_10coin.json	C:/Users/berke/research/entry_v1/out/meta_u40_t2_p3_10coin.json	2082	d2814ab37b372b8f45453355368421cf6f027b93c05c06aeebd4551617e52ca0	d93527640fc88707798e62e3222499f87cebdccbc65e1083a1b1d39b82cfa8fe	
olcumler/meta/meta_u40_t2_p3_40coin.json	C:/Users/berke/research/entry_v1/out/meta_u40_t2_p3_40coin.json	4847	28c654fccf19699a8fc6720ff3d6486e7c533e897f046428f13da351d870d98d	ff8ec0fa8b666dd6f6f993562bd47e2082e45a7259f907052f2a75b8fe2f68a8	
reports/PROTOCOL_V15.md	C:/Users/berke/research/entry_v1/PROTOCOL_V15.md	6891	c619632bc1fde0ca9167494da2ad88733729008202a161dc958b1d6a5b480980	c619632bc1fde0ca9167494da2ad88733729008202a161dc958b1d6a5b480980	
reports/DENEY_V15.md	C:/Users/berke/research/entry_v1/DENEY_V15.md	5368	268779ea6ae1279182408c292ecba51df135608275027bc49dea342ba3a59a12	268779ea6ae1279182408c292ecba51df135608275027bc49dea342ba3a59a12	
reports/BOX_SWEEP_v15_a.md	C:/Users/berke/research/entry_v1/out/BOX_SWEEP_v15_a.md	15419	2dd70d60dff54f10c54f6c6c2500289201ec5b1bb050272d508d83e4997a0df1	2dd70d60dff54f10c54f6c6c2500289201ec5b1bb050272d508d83e4997a0df1	
reports/BOX_SWEEP_v15_a.json	C:/Users/berke/research/entry_v1/out/BOX_SWEEP_v15_a.json	256854	25696e05d7a7aa3093ad3aae238b97f45d1c5444e8d65e66409e3bbaa1d524a3	1f5cd3aebbe926f6d384e0ff2acb4e55e57c54c755f15a93a225d5d4efdfc484	
reports/DEVIR-2026-09-21.yayim-kopyasi.md	C:/Users/berke/trading2-deploy/DEVIR-2026-09-21.md	9725	26f7a92dd18baabe439ca07c370f88a5e4a6188854e7300f6477c997261cb2b6	26f7a92dd18baabe439ca07c370f88a5e4a6188854e7300f6477c997261cb2b6	yayim kopyasi: yalniz 44. satirdaki VPS kullanici@host maskelendi; baska degisiklik yok
arsiv/collect_binance.json	C:/Users/berke/research/entry_v1/out/collect_binance.json	22995	d633d351c2af487cd0065c389d187d3dd5800b23d5b4c2685c331754a2a8295d	9741e03531ee28c0bad05c54d86f6d83c994cd34925156b47e45bea1fc099324	bn_archive 1d/4h/funding toplama raporu (2026-09-19)
arsiv/bn_archive_manifests.json	C:/Users/berke/research/bn_archive/history/futures/*/*/manifest.json	62517	c6f63b1dee4c15d2fd07855b9c11877d83dbca7d53a76b9d2d041c850e71a8da	b3680bcd247e04d99eecdbb7abdc4a88a1c7f4ae7b980697f1ea088e5b498462	126 mevcut manifestten toplandi
arsiv/wt-ten_history_manifests.json	C:/Users/berke/wt-ten/data/history/futures/*/*/manifest.json	34981	83e398efe916b448187851d7bf5a97da7c35ef9f5b39643f6212c027ebe304eb	3e165a60dbc0c5ccfcb9d8d64e4ae7e7ada2b24c789b4ca520d38071723e44ce	70 mevcut manifestten toplandi
arsiv/symbol_filters.identity.json	C:/Users/berke/research/bn_archive/symbol_filters.json	202	ff4207b3724b3a0fc49d53f67201e0683f0fce2f5707c2dab6e37da4b5f8d97f	749c8ebd7356429ce35c104ea382817ba98542251f912f7a4483fc65189f93ab	dosya yayimlanmadi; boyut + sha256 (bu oturumda hesaplandi)
